,Rho,Values
0, Value: 0.2,0.24
1, Value: 0.2,0.23
2, Value: 0.2,0.29
3, Value: 0.2,0.26
4, Value: 0.2,0.23
5, Value: 0.2,0.22
6, Value: 0.2,0.22
7, Value: 0.2,0.2
8, Value: 0.2,0.26
9, Value: 0.2,0.24
10, Value: 0.2,0.25
11, Value: 0.2,0.27
12, Value: 0.2,0.25
13, Value: 0.2,0.26
14, Value: 0.2,0.28
15, Value: 0.2,0.28
16, Value: 0.2,0.31
17, Value: 0.2,0.24
18, Value: 0.2,0.23
19, Value: 0.2,0.24
20, Value: 0.2,0.29
21, Value: 0.2,0.3
22, Value: 0.2,0.21
23, Value: 0.2,0.24
24, Value: 0.2,0.29
25, Value: 0.2,0.24
26, Value: 0.2,0.21
27, Value: 0.2,0.28
28, Value: 0.2,0.2
29, Value: 0.2,0.2
30, Value: 0.2,0.22
31, Value: 0.2,0.28
32, Value: 0.2,0.24
33, Value: 0.2,0.22
34, Value: 0.2,0.26
35, Value: 0.2,0.23
36, Value: 0.2,0.28
37, Value: 0.2,0.22
38, Value: 0.2,0.24
39, Value: 0.2,0.27
40, Value: 0.2,0.29
41, Value: 0.2,0.25
42, Value: 0.2,0.22
43, Value: 0.2,0.28
44, Value: 0.2,0.24
45, Value: 0.2,0.23
46, Value: 0.2,0.24
47, Value: 0.2,0.25
48, Value: 0.2,0.25
49, Value: 0.2,0.26
50, Value: 0.2,0.26
51, Value: 0.2,0.2
52, Value: 0.2,0.26
53, Value: 0.2,0.23
54, Value: 0.2,0.25
55, Value: 0.2,0.29
56, Value: 0.2,0.25
57, Value: 0.2,0.26
58, Value: 0.2,0.21
59, Value: 0.2,0.23
60, Value: 0.2,0.27
61, Value: 0.2,0.25
62, Value: 0.2,0.25
63, Value: 0.2,0.23
64, Value: 0.2,0.2
65, Value: 0.2,0.25
66, Value: 0.2,0.25
67, Value: 0.2,0.28
68, Value: 0.2,0.2
69, Value: 0.2,0.22
70, Value: 0.2,0.28
71, Value: 0.2,0.24
72, Value: 0.2,0.22
73, Value: 0.2,0.26
74, Value: 0.2,0.23
75, Value: 0.2,0.28
76, Value: 0.2,0.22
77, Value: 0.2,0.24
78, Value: 0.2,0.27
79, Value: 0.2,0.29
80, Value: 0.2,0.25
81, Value: 0.2,0.22
82, Value: 0.2,0.28
83, Value: 0.2,0.24
84, Value: 0.2,0.23
85, Value: 0.2,0.24
86, Value: 0.2,0.25
87, Value: 0.2,0.25
88, Value: 0.2,0.26
89, Value: 0.2,0.26
90, Value: 0.2,0.2
91, Value: 0.2,0.26
92, Value: 0.2,0.23
93, Value: 0.2,0.25
94, Value: 0.2,0.29
95, Value: 0.2,0.25
96, Value: 0.2,0.26
97, Value: 0.2,0.21
98, Value: 0.2,0.23
99, Value: 0.2,0.27
100, Value: 0.2,0.25
101, Value: 0.2,0.25
102, Value: 0.2,0.23
103, Value: 0.2,0.2
104, Value: 0.2,0.25
105, Value: 0.2,0.25
106, Value: 0.2,0.28
107, Value: 0.2,0.2
108, Value: 0.2,0.22
109, Value: 0.2,0.28
110, Value: 0.2,0.24
111, Value: 0.2,0.22
112, Value: 0.2,0.26
113, Value: 0.2,0.23
114, Value: 0.2,0.28
115, Value: 0.2,0.22
116, Value: 0.2,0.24
117, Value: 0.2,0.27
118, Value: 0.2,0.29
119, Value: 0.2,0.25
120, Value: 0.2,0.22
121, Value: 0.2,0.28
122, Value: 0.2,0.24
123, Value: 0.2,0.23
124, Value: 0.2,0.24
125, Value: 0.2,0.25
126, Value: 0.2,0.25
127, Value: 0.2,0.26
128, Value: 0.2,0.26
129, Value: 0.2,0.2
130, Value: 0.2,0.26
131, Value: 0.2,0.23
132, Value: 0.2,0.25
133, Value: 0.2,0.29
134, Value: 0.2,0.25
135, Value: 0.2,0.26
136, Value: 0.2,0.21
137, Value: 0.2,0.23
138, Value: 0.2,0.27
139, Value: 0.2,0.25
140, Value: 0.2,0.25
141, Value: 0.2,0.23
142, Value: 0.2,0.2
143, Value: 0.2,0.25
144, Value: 0.2,0.25
145, Value: 0.2,0.28
146, Value: 0.2,0.2
147, Value: 0.2,0.22
148, Value: 0.2,0.28
149, Value: 0.2,0.24
150, Value: 0.2,0.22
151, Value: 0.2,0.26
152, Value: 0.2,0.23
153, Value: 0.2,0.28
154, Value: 0.2,0.22
155, Value: 0.2,0.24
156, Value: 0.2,0.27
157, Value: 0.2,0.29
158, Value: 0.2,0.25
159, Value: 0.2,0.22
160, Value: 0.2,0.28
161, Value: 0.2,0.24
162, Value: 0.2,0.23
163, Value: 0.2,0.24
164, Value: 0.2,0.25
165, Value: 0.2,0.25
166, Value: 0.2,0.26
167, Value: 0.2,0.26
168, Value: 0.2,0.2
169, Value: 0.2,0.26
170, Value: 0.2,0.23
171, Value: 0.2,0.25
172, Value: 0.2,0.29
173, Value: 0.2,0.25
174, Value: 0.2,0.26
175, Value: 0.2,0.21
176, Value: 0.2,0.23
177, Value: 0.2,0.27
178, Value: 0.2,0.25
179, Value: 0.2,0.25
180, Value: 0.2,0.23
181, Value: 0.2,0.2
182, Value: 0.2,0.25
183, Value: 0.2,0.25
184, Value: 0.2,0.28
185, Value: 0.2,0.2
186, Value: 0.2,0.22
187, Value: 0.2,0.28
188, Value: 0.2,0.24
189, Value: 0.2,0.22
190, Value: 0.2,0.26
191, Value: 0.2,0.23
192, Value: 0.2,0.28
193, Value: 0.2,0.22
194, Value: 0.2,0.24
195, Value: 0.2,0.27
196, Value: 0.2,0.29
197, Value: 0.2,0.25
198, Value: 0.2,0.22
199, Value: 0.2,0.28
200, Value: 0.2,0.24
201, Value: 0.2,0.23
202, Value: 0.2,0.24
203, Value: 0.2,0.25
204, Value: 0.2,0.25
205, Value: 0.2,0.26
206, Value: 0.2,0.26
207, Value: 0.2,0.2
208, Value: 0.2,0.26
209, Value: 0.2,0.23
210, Value: 0.2,0.25
211, Value: 0.2,0.29
212, Value: 0.2,0.25
213, Value: 0.2,0.26
214, Value: 0.2,0.21
215, Value: 0.2,0.23
216, Value: 0.2,0.27
217, Value: 0.2,0.25
218, Value: 0.2,0.25
219, Value: 0.2,0.23
220, Value: 0.2,0.2
221, Value: 0.2,0.25
222, Value: 0.2,0.25
223, Value: 0.2,0.28
224, Value: 0.2,0.2
225, Value: 0.2,0.22
226, Value: 0.2,0.28
227, Value: 0.2,0.24
228, Value: 0.2,0.22
229, Value: 0.2,0.26
230, Value: 0.2,0.23
231, Value: 0.2,0.28
232, Value: 0.2,0.22
233, Value: 0.2,0.24
234, Value: 0.2,0.27
235, Value: 0.2,0.29
236, Value: 0.2,0.25
237, Value: 0.2,0.22
238, Value: 0.2,0.28
239, Value: 0.2,0.24
240, Value: 0.2,0.23
241, Value: 0.2,0.24
242, Value: 0.2,0.25
243, Value: 0.2,0.25
244, Value: 0.2,0.26
245, Value: 0.2,0.26
246, Value: 0.2,0.2
247, Value: 0.2,0.26
248, Value: 0.2,0.23
249, Value: 0.2,0.25
250, Value: 0.2,0.29
251, Value: 0.2,0.25
252, Value: 0.2,0.26
253, Value: 0.2,0.21
254, Value: 0.2,0.23
255, Value: 0.2,0.27
256, Value: 0.2,0.25
257, Value: 0.2,0.25
258, Value: 0.2,0.23
259, Value: 0.2,0.2
260, Value: 0.2,0.25
261, Value: 0.2,0.25
262, Value: 0.2,0.28
263, Value: 0.2,0.2
264, Value: 0.2,0.22
265, Value: 0.2,0.28
266, Value: 0.2,0.24
267, Value: 0.2,0.22
268, Value: 0.2,0.26
269, Value: 0.2,0.23
270, Value: 0.2,0.28
271, Value: 0.2,0.22
272, Value: 0.2,0.24
273, Value: 0.2,0.27
274, Value: 0.2,0.29
275, Value: 0.2,0.25
276, Value: 0.2,0.22
277, Value: 0.2,0.28
278, Value: 0.2,0.24
279, Value: 0.2,0.23
280, Value: 0.2,0.24
281, Value: 0.2,0.25
282, Value: 0.2,0.25
283, Value: 0.2,0.26
284, Value: 0.2,0.26
285, Value: 0.2,0.2
286, Value: 0.2,0.26
287, Value: 0.2,0.23
288, Value: 0.2,0.25
289, Value: 0.2,0.29
290, Value: 0.2,0.25
291, Value: 0.2,0.26
292, Value: 0.2,0.21
293, Value: 0.2,0.23
294, Value: 0.2,0.27
295, Value: 0.2,0.25
296, Value: 0.2,0.25
297, Value: 0.2,0.23
298, Value: 0.2,0.2
299, Value: 0.2,0.25
300, Value: 0.2,0.25
301, Value: 0.2,0.28
302, Value: 0.2,0.2
303, Value: 0.2,0.22
304, Value: 0.2,0.28
305, Value: 0.2,0.24
306, Value: 0.2,0.22
307, Value: 0.2,0.26
308, Value: 0.2,0.23
309, Value: 0.2,0.28
310, Value: 0.2,0.22
311, Value: 0.2,0.24
312, Value: 0.2,0.27
313, Value: 0.2,0.29
314, Value: 0.2,0.25
315, Value: 0.2,0.22
316, Value: 0.2,0.28
317, Value: 0.2,0.24
318, Value: 0.2,0.23
319, Value: 0.2,0.24
320, Value: 0.2,0.25
321, Value: 0.2,0.25
322, Value: 0.2,0.26
323, Value: 0.2,0.26
324, Value: 0.2,0.2
325, Value: 0.2,0.26
326, Value: 0.2,0.23
327, Value: 0.2,0.25
328, Value: 0.2,0.29
329, Value: 0.2,0.25
330, Value: 0.2,0.26
331, Value: 0.2,0.21
332, Value: 0.2,0.23
333, Value: 0.2,0.27
334, Value: 0.2,0.25
335, Value: 0.2,0.25
336, Value: 0.2,0.23
337, Value: 0.2,0.2
338, Value: 0.2,0.25
339, Value: 0.2,0.25
340, Value: 0.2,0.28
341, Value: 0.2,0.2
342, Value: 0.2,0.22
343, Value: 0.2,0.28
344, Value: 0.2,0.24
345, Value: 0.2,0.22
346, Value: 0.2,0.26
347, Value: 0.2,0.23
348, Value: 0.2,0.28
349, Value: 0.2,0.22
350, Value: 0.2,0.24
351, Value: 0.2,0.27
352, Value: 0.2,0.29
353, Value: 0.2,0.25
354, Value: 0.2,0.22
355, Value: 0.2,0.28
356, Value: 0.2,0.24
357, Value: 0.2,0.23
358, Value: 0.2,0.24
359, Value: 0.2,0.25
360, Value: 0.2,0.25
361, Value: 0.2,0.26
362, Value: 0.2,0.26
363, Value: 0.2,0.2
364, Value: 0.2,0.26
365, Value: 0.2,0.23
366, Value: 0.2,0.25
367, Value: 0.2,0.29
368, Value: 0.2,0.25
369, Value: 0.2,0.26
370, Value: 0.2,0.21
371, Value: 0.2,0.23
372, Value: 0.2,0.27
373, Value: 0.2,0.25
374, Value: 0.2,0.25
375, Value: 0.2,0.23
376, Value: 0.2,0.2
377, Value: 0.2,0.25
378, Value: 0.2,0.25
379, Value: 0.2,0.28
380, Value: 0.2,0.2
381, Value: 0.2,0.22
382, Value: 0.2,0.28
383, Value: 0.2,0.24
384, Value: 0.2,0.22
385, Value: 0.2,0.26
386, Value: 0.2,0.23
387, Value: 0.2,0.28
388, Value: 0.2,0.22
389, Value: 0.2,0.24
390, Value: 0.2,0.27
391, Value: 0.2,0.29
392, Value: 0.2,0.25
393, Value: 0.2,0.22
394, Value: 0.2,0.28
395, Value: 0.2,0.24
396, Value: 0.2,0.23
397, Value: 0.2,0.24
398, Value: 0.2,0.25
399, Value: 0.2,0.25
400, Value: 0.2,0.26
401, Value: 0.2,0.26
402, Value: 0.2,0.2
403, Value: 0.2,0.26
404, Value: 0.2,0.23
405, Value: 0.2,0.25
406, Value: 0.2,0.29
407, Value: 0.2,0.25
408, Value: 0.2,0.26
409, Value: 0.2,0.21
410, Value: 0.2,0.23
411, Value: 0.2,0.27
412, Value: 0.2,0.25
413, Value: 0.2,0.25
414, Value: 0.2,0.23
415, Value: 0.2,0.2
416, Value: 0.2,0.25
417, Value: 0.2,0.25
418, Value: 0.2,0.28
419, Value: 0.2,0.2
420, Value: 0.2,0.22
421, Value: 0.2,0.28
422, Value: 0.2,0.24
423, Value: 0.2,0.22
424, Value: 0.2,0.26
425, Value: 0.2,0.23
426, Value: 0.2,0.28
427, Value: 0.2,0.22
428, Value: 0.2,0.24
429, Value: 0.2,0.27
430, Value: 0.2,0.29
431, Value: 0.2,0.25
432, Value: 0.2,0.22
433, Value: 0.2,0.28
434, Value: 0.2,0.24
435, Value: 0.2,0.23
436, Value: 0.2,0.24
437, Value: 0.2,0.25
438, Value: 0.2,0.25
439, Value: 0.2,0.26
440, Value: 0.2,0.26
441, Value: 0.2,0.2
442, Value: 0.2,0.26
443, Value: 0.2,0.23
444, Value: 0.2,0.25
445, Value: 0.2,0.29
446, Value: 0.2,0.25
447, Value: 0.2,0.26
448, Value: 0.2,0.21
449, Value: 0.2,0.23
450, Value: 0.2,0.27
451, Value: 0.2,0.25
452, Value: 0.2,0.25
453, Value: 0.2,0.23
454, Value: 0.2,0.2
455, Value: 0.2,0.25
456, Value: 0.2,0.25
457, Value: 0.2,0.28
458, Value: 0.2,0.2
459, Value: 0.2,0.22
460, Value: 0.2,0.28
461, Value: 0.2,0.24
462, Value: 0.2,0.22
463, Value: 0.2,0.26
464, Value: 0.2,0.23
465, Value: 0.2,0.28
466, Value: 0.2,0.22
467, Value: 0.2,0.24
468, Value: 0.2,0.27
469, Value: 0.2,0.29
470, Value: 0.2,0.25
471, Value: 0.2,0.22
472, Value: 0.2,0.28
473, Value: 0.2,0.24
474, Value: 0.2,0.23
475, Value: 0.2,0.24
476, Value: 0.2,0.25
477, Value: 0.2,0.25
478, Value: 0.2,0.26
479, Value: 0.2,0.26
480, Value: 0.2,0.2
481, Value: 0.2,0.26
482, Value: 0.2,0.23
483, Value: 0.2,0.25
484, Value: 0.2,0.29
485, Value: 0.2,0.25
486, Value: 0.2,0.26
487, Value: 0.2,0.21
488, Value: 0.2,0.23
489, Value: 0.2,0.27
490, Value: 0.2,0.25
491, Value: 0.2,0.25
492, Value: 0.2,0.23
493, Value: 0.2,0.2
494, Value: 0.2,0.25
495, Value: 0.2,0.25
496, Value: 0.2,0.28
497, Value: 0.2,0.2
498, Value: 0.2,0.22
499, Value: 0.2,0.28
500, Value: 0.1,0.11
501, Value: 0.1,0.11
502, Value: 0.1,0.12
503, Value: 0.1,0.1
504, Value: 0.1,0.13
505, Value: 0.1,0.1
506, Value: 0.1,0.11
507, Value: 0.1,0.11
508, Value: 0.1,0.12
509, Value: 0.1,0.13
510, Value: 0.1,0.11
511, Value: 0.1,0.14
512, Value: 0.1,0.11
513, Value: 0.1,0.1
514, Value: 0.1,0.11
515, Value: 0.1,0.1
516, Value: 0.1,0.12
517, Value: 0.1,0.14
518, Value: 0.1,0.11
519, Value: 0.1,0.11
520, Value: 0.1,0.1
521, Value: 0.1,0.12
522, Value: 0.1,0.11
523, Value: 0.1,0.12
524, Value: 0.1,0.11
525, Value: 0.1,0.11
526, Value: 0.1,0.1
527, Value: 0.1,0.09
528, Value: 0.1,0.11
529, Value: 0.1,0.1
530, Value: 0.1,0.13
531, Value: 0.1,0.11
532, Value: 0.1,0.09
533, Value: 0.1,0.1
534, Value: 0.1,0.12
535, Value: 0.1,0.13
536, Value: 0.1,0.1
537, Value: 0.1,0.11
538, Value: 0.1,0.11
539, Value: 0.1,0.11
540, Value: 0.1,0.11
541, Value: 0.1,0.12
542, Value: 0.1,0.1
543, Value: 0.1,0.13
544, Value: 0.1,0.1
545, Value: 0.1,0.11
546, Value: 0.1,0.11
547, Value: 0.1,0.12
548, Value: 0.1,0.13
549, Value: 0.1,0.11
550, Value: 0.1,0.14
551, Value: 0.1,0.11
552, Value: 0.1,0.1
553, Value: 0.1,0.11
554, Value: 0.1,0.1
555, Value: 0.1,0.12
556, Value: 0.1,0.14
557, Value: 0.1,0.11
558, Value: 0.1,0.11
559, Value: 0.1,0.1
560, Value: 0.1,0.12
561, Value: 0.1,0.11
562, Value: 0.1,0.12
563, Value: 0.1,0.11
564, Value: 0.1,0.11
565, Value: 0.1,0.1
566, Value: 0.1,0.09
567, Value: 0.1,0.11
568, Value: 0.1,0.1
569, Value: 0.1,0.13
570, Value: 0.1,0.11
571, Value: 0.1,0.09
572, Value: 0.1,0.1
573, Value: 0.1,0.12
574, Value: 0.1,0.13
575, Value: 0.1,0.1
576, Value: 0.1,0.11
577, Value: 0.1,0.11
578, Value: 0.1,0.11
579, Value: 0.1,0.11
580, Value: 0.1,0.12
581, Value: 0.1,0.1
582, Value: 0.1,0.13
583, Value: 0.1,0.1
584, Value: 0.1,0.11
585, Value: 0.1,0.11
586, Value: 0.1,0.12
587, Value: 0.1,0.13
588, Value: 0.1,0.11
589, Value: 0.1,0.14
590, Value: 0.1,0.11
591, Value: 0.1,0.1
592, Value: 0.1,0.11
593, Value: 0.1,0.1
594, Value: 0.1,0.12
595, Value: 0.1,0.14
596, Value: 0.1,0.11
597, Value: 0.1,0.11
598, Value: 0.1,0.1
599, Value: 0.1,0.12
600, Value: 0.1,0.11
601, Value: 0.1,0.12
602, Value: 0.1,0.11
603, Value: 0.1,0.11
604, Value: 0.1,0.1
605, Value: 0.1,0.09
606, Value: 0.1,0.11
607, Value: 0.1,0.1
608, Value: 0.1,0.13
609, Value: 0.1,0.11
610, Value: 0.1,0.09
611, Value: 0.1,0.1
612, Value: 0.1,0.12
613, Value: 0.1,0.13
614, Value: 0.1,0.1
615, Value: 0.1,0.11
616, Value: 0.1,0.11
617, Value: 0.1,0.11
618, Value: 0.1,0.11
619, Value: 0.1,0.12
620, Value: 0.1,0.1
621, Value: 0.1,0.13
622, Value: 0.1,0.1
623, Value: 0.1,0.11
624, Value: 0.1,0.11
625, Value: 0.1,0.12
626, Value: 0.1,0.13
627, Value: 0.1,0.11
628, Value: 0.1,0.14
629, Value: 0.1,0.11
630, Value: 0.1,0.1
631, Value: 0.1,0.11
632, Value: 0.1,0.1
633, Value: 0.1,0.12
634, Value: 0.1,0.14
635, Value: 0.1,0.11
636, Value: 0.1,0.11
637, Value: 0.1,0.1
638, Value: 0.1,0.12
639, Value: 0.1,0.11
640, Value: 0.1,0.12
641, Value: 0.1,0.11
642, Value: 0.1,0.11
643, Value: 0.1,0.1
644, Value: 0.1,0.09
645, Value: 0.1,0.11
646, Value: 0.1,0.1
647, Value: 0.1,0.13
648, Value: 0.1,0.11
649, Value: 0.1,0.09
650, Value: 0.1,0.1
651, Value: 0.1,0.12
652, Value: 0.1,0.13
653, Value: 0.1,0.1
654, Value: 0.1,0.11
655, Value: 0.1,0.11
656, Value: 0.1,0.11
657, Value: 0.1,0.11
658, Value: 0.1,0.12
659, Value: 0.1,0.1
660, Value: 0.1,0.13
661, Value: 0.1,0.1
662, Value: 0.1,0.11
663, Value: 0.1,0.11
664, Value: 0.1,0.12
665, Value: 0.1,0.13
666, Value: 0.1,0.11
667, Value: 0.1,0.14
668, Value: 0.1,0.11
669, Value: 0.1,0.1
670, Value: 0.1,0.11
671, Value: 0.1,0.1
672, Value: 0.1,0.12
673, Value: 0.1,0.14
674, Value: 0.1,0.11
675, Value: 0.1,0.11
676, Value: 0.1,0.1
677, Value: 0.1,0.12
678, Value: 0.1,0.11
679, Value: 0.1,0.12
680, Value: 0.1,0.11
681, Value: 0.1,0.11
682, Value: 0.1,0.1
683, Value: 0.1,0.09
684, Value: 0.1,0.11
685, Value: 0.1,0.1
686, Value: 0.1,0.13
687, Value: 0.1,0.11
688, Value: 0.1,0.09
689, Value: 0.1,0.1
690, Value: 0.1,0.12
691, Value: 0.1,0.13
692, Value: 0.1,0.1
693, Value: 0.1,0.11
694, Value: 0.1,0.11
695, Value: 0.1,0.11
696, Value: 0.1,0.11
697, Value: 0.1,0.12
698, Value: 0.1,0.1
699, Value: 0.1,0.13
700, Value: 0.1,0.1
701, Value: 0.1,0.11
702, Value: 0.1,0.11
703, Value: 0.1,0.12
704, Value: 0.1,0.13
705, Value: 0.1,0.11
706, Value: 0.1,0.14
707, Value: 0.1,0.11
708, Value: 0.1,0.1
709, Value: 0.1,0.11
710, Value: 0.1,0.1
711, Value: 0.1,0.12
712, Value: 0.1,0.14
713, Value: 0.1,0.11
714, Value: 0.1,0.11
715, Value: 0.1,0.1
716, Value: 0.1,0.12
717, Value: 0.1,0.11
718, Value: 0.1,0.12
719, Value: 0.1,0.11
720, Value: 0.1,0.11
721, Value: 0.1,0.1
722, Value: 0.1,0.09
723, Value: 0.1,0.11
724, Value: 0.1,0.1
725, Value: 0.1,0.13
726, Value: 0.1,0.11
727, Value: 0.1,0.09
728, Value: 0.1,0.1
729, Value: 0.1,0.12
730, Value: 0.1,0.13
731, Value: 0.1,0.1
732, Value: 0.1,0.11
733, Value: 0.1,0.11
734, Value: 0.1,0.11
735, Value: 0.1,0.11
736, Value: 0.1,0.12
737, Value: 0.1,0.1
738, Value: 0.1,0.13
739, Value: 0.1,0.1
740, Value: 0.1,0.11
741, Value: 0.1,0.11
742, Value: 0.1,0.12
743, Value: 0.1,0.13
744, Value: 0.1,0.11
745, Value: 0.1,0.14
746, Value: 0.1,0.11
747, Value: 0.1,0.1
748, Value: 0.1,0.11
749, Value: 0.1,0.1
750, Value: 0.1,0.12
751, Value: 0.1,0.14
752, Value: 0.1,0.11
753, Value: 0.1,0.11
754, Value: 0.1,0.1
755, Value: 0.1,0.12
756, Value: 0.1,0.11
757, Value: 0.1,0.12
758, Value: 0.1,0.11
759, Value: 0.1,0.11
760, Value: 0.1,0.1
761, Value: 0.1,0.09
762, Value: 0.1,0.11
763, Value: 0.1,0.1
764, Value: 0.1,0.13
765, Value: 0.1,0.11
766, Value: 0.1,0.09
767, Value: 0.1,0.1
768, Value: 0.1,0.12
769, Value: 0.1,0.13
770, Value: 0.1,0.1
771, Value: 0.1,0.11
772, Value: 0.1,0.11
773, Value: 0.1,0.11
774, Value: 0.1,0.11
775, Value: 0.1,0.12
776, Value: 0.1,0.1
777, Value: 0.1,0.13
778, Value: 0.1,0.1
779, Value: 0.1,0.11
780, Value: 0.1,0.11
781, Value: 0.1,0.12
782, Value: 0.1,0.13
783, Value: 0.1,0.11
784, Value: 0.1,0.14
785, Value: 0.1,0.11
786, Value: 0.1,0.1
787, Value: 0.1,0.11
788, Value: 0.1,0.1
789, Value: 0.1,0.12
790, Value: 0.1,0.14
791, Value: 0.1,0.11
792, Value: 0.1,0.11
793, Value: 0.1,0.1
794, Value: 0.1,0.12
795, Value: 0.1,0.11
796, Value: 0.1,0.12
797, Value: 0.1,0.11
798, Value: 0.1,0.11
799, Value: 0.1,0.1
800, Value: 0.1,0.09
801, Value: 0.1,0.11
802, Value: 0.1,0.1
803, Value: 0.1,0.13
804, Value: 0.1,0.11
805, Value: 0.1,0.09
806, Value: 0.1,0.1
807, Value: 0.1,0.12
808, Value: 0.1,0.13
809, Value: 0.1,0.1
810, Value: 0.1,0.11
811, Value: 0.1,0.11
812, Value: 0.1,0.11
813, Value: 0.1,0.11
814, Value: 0.1,0.12
815, Value: 0.1,0.1
816, Value: 0.1,0.13
817, Value: 0.1,0.1
818, Value: 0.1,0.11
819, Value: 0.1,0.11
820, Value: 0.1,0.12
821, Value: 0.1,0.13
822, Value: 0.1,0.11
823, Value: 0.1,0.14
824, Value: 0.1,0.11
825, Value: 0.1,0.1
826, Value: 0.1,0.11
827, Value: 0.1,0.1
828, Value: 0.1,0.12
829, Value: 0.1,0.14
830, Value: 0.1,0.11
831, Value: 0.1,0.11
832, Value: 0.1,0.1
833, Value: 0.1,0.12
834, Value: 0.1,0.11
835, Value: 0.1,0.12
836, Value: 0.1,0.11
837, Value: 0.1,0.11
838, Value: 0.1,0.1
839, Value: 0.1,0.09
840, Value: 0.1,0.11
841, Value: 0.1,0.1
842, Value: 0.1,0.13
843, Value: 0.1,0.11
844, Value: 0.1,0.09
845, Value: 0.1,0.1
846, Value: 0.1,0.12
847, Value: 0.1,0.13
848, Value: 0.1,0.1
849, Value: 0.1,0.11
850, Value: 0.1,0.11
851, Value: 0.1,0.11
852, Value: 0.1,0.11
853, Value: 0.1,0.12
854, Value: 0.1,0.1
855, Value: 0.1,0.13
856, Value: 0.1,0.1
857, Value: 0.1,0.11
858, Value: 0.1,0.11
859, Value: 0.1,0.12
860, Value: 0.1,0.13
861, Value: 0.1,0.11
862, Value: 0.1,0.14
863, Value: 0.1,0.11
864, Value: 0.1,0.1
865, Value: 0.1,0.11
866, Value: 0.1,0.1
867, Value: 0.1,0.12
868, Value: 0.1,0.14
869, Value: 0.1,0.11
870, Value: 0.1,0.11
871, Value: 0.1,0.1
872, Value: 0.1,0.12
873, Value: 0.1,0.11
874, Value: 0.1,0.12
875, Value: 0.1,0.11
876, Value: 0.1,0.11
877, Value: 0.1,0.1
878, Value: 0.1,0.09
879, Value: 0.1,0.11
880, Value: 0.1,0.1
881, Value: 0.1,0.13
882, Value: 0.1,0.11
883, Value: 0.1,0.09
884, Value: 0.1,0.1
885, Value: 0.1,0.12
886, Value: 0.1,0.13
887, Value: 0.1,0.1
888, Value: 0.1,0.11
889, Value: 0.1,0.11
890, Value: 0.1,0.11
891, Value: 0.1,0.11
892, Value: 0.1,0.12
893, Value: 0.1,0.1
894, Value: 0.1,0.13
895, Value: 0.1,0.1
896, Value: 0.1,0.11
897, Value: 0.1,0.11
898, Value: 0.1,0.12
899, Value: 0.1,0.13
900, Value: 0.1,0.11
901, Value: 0.1,0.14
902, Value: 0.1,0.11
903, Value: 0.1,0.1
904, Value: 0.1,0.11
905, Value: 0.1,0.1
906, Value: 0.1,0.12
907, Value: 0.1,0.14
908, Value: 0.1,0.11
909, Value: 0.1,0.11
910, Value: 0.1,0.1
911, Value: 0.1,0.12
912, Value: 0.1,0.11
913, Value: 0.1,0.12
914, Value: 0.1,0.11
915, Value: 0.1,0.11
916, Value: 0.1,0.1
917, Value: 0.1,0.09
918, Value: 0.1,0.11
919, Value: 0.1,0.1
920, Value: 0.1,0.13
921, Value: 0.1,0.11
922, Value: 0.1,0.09
923, Value: 0.1,0.1
924, Value: 0.1,0.12
925, Value: 0.1,0.13
926, Value: 0.1,0.1
927, Value: 0.1,0.11
928, Value: 0.1,0.11
929, Value: 0.1,0.11
930, Value: 0.1,0.11
931, Value: 0.1,0.12
932, Value: 0.1,0.1
933, Value: 0.1,0.13
934, Value: 0.1,0.1
935, Value: 0.1,0.11
936, Value: 0.1,0.11
937, Value: 0.1,0.12
938, Value: 0.1,0.13
939, Value: 0.1,0.11
940, Value: 0.1,0.14
941, Value: 0.1,0.11
942, Value: 0.1,0.1
943, Value: 0.1,0.11
944, Value: 0.1,0.1
945, Value: 0.1,0.12
946, Value: 0.1,0.14
947, Value: 0.1,0.11
948, Value: 0.1,0.11
949, Value: 0.1,0.1
950, Value: 0.1,0.12
951, Value: 0.1,0.11
952, Value: 0.1,0.12
953, Value: 0.1,0.11
954, Value: 0.1,0.11
955, Value: 0.1,0.1
956, Value: 0.1,0.09
957, Value: 0.1,0.11
958, Value: 0.1,0.1
959, Value: 0.1,0.13
960, Value: 0.1,0.11
961, Value: 0.1,0.09
962, Value: 0.1,0.1
963, Value: 0.1,0.12
964, Value: 0.1,0.13
965, Value: 0.1,0.1
966, Value: 0.1,0.11
967, Value: 0.1,0.11
968, Value: 0.1,0.11
969, Value: 0.1,0.11
970, Value: 0.1,0.12
971, Value: 0.1,0.1
972, Value: 0.1,0.13
973, Value: 0.1,0.1
974, Value: 0.1,0.11
975, Value: 0.1,0.11
976, Value: 0.1,0.12
977, Value: 0.1,0.13
978, Value: 0.1,0.11
979, Value: 0.1,0.14
980, Value: 0.1,0.11
981, Value: 0.1,0.1
982, Value: 0.1,0.11
983, Value: 0.1,0.1
984, Value: 0.1,0.12
985, Value: 0.1,0.14
986, Value: 0.1,0.11
987, Value: 0.1,0.11
988, Value: 0.1,0.1
989, Value: 0.1,0.12
990, Value: 0.1,0.11
991, Value: 0.1,0.12
992, Value: 0.1,0.11
993, Value: 0.1,0.11
994, Value: 0.1,0.1
995, Value: 0.1,0.09
996, Value: 0.1,0.11
997, Value: 0.1,0.1
998, Value: 0.1,0.13
999, Value: 0.1,0.11
